BEGIN;

-- Demo snapshot for 2026-03-31.
-- Business-aligned sample data for Qingdao HaiFa:
-- internal entities are shaped like HaiFa产城 / 园区 / 资本 / 产业服务,
-- counterparties are shaped like West Coast district / park construction /
-- industrial support / fund service / high-end manufacturing supply chain /
-- film-cultural supporting services.

INSERT INTO fund_safety_topic_summaries (
  id,
  topic_code,
  topic_name,
  secondary_topic_name,
  summary_title,
  core_metrics,
  risk_conclusion,
  risk_level,
  is_clickable,
  target_page_key,
  data_snapshot_date,
  display_order,
  created_at,
  updated_at
) VALUES
(
  uuid_generate_v5(uuid_ns_url(), 'fs-summary-terror-risk'),
  'fund_safety_terror_risk',
  '资金安全',
  '资金违规支付-涉恐交易风险',
  '涉恐交易风险监测',
  jsonb_build_array(
    jsonb_build_object('label', '预警总数', 'value', 18, 'unit', '笔'),
    jsonb_build_object('label', '高风险命中', 'value', 7, 'unit', '笔'),
    jsonb_build_object('label', '命中黑名单', 'value', 4, 'unit', '笔')
  ),
  '海发产城与海发园区相关对公支付中出现黑名单命中与连续高频支付，建议优先核查园区配套、工程分包和影视文化服务对手方。',
  'high',
  TRUE,
  'terror_risk_topic',
  DATE '2026-03-31',
  1,
  TIMESTAMP '2026-03-31 09:00:00',
  TIMESTAMP '2026-03-31 09:00:00'
),
(
  uuid_generate_v5(uuid_ns_url(), 'fs-summary-investment-risk'),
  'fund_safety_investment_risk',
  '资金安全',
  '对外投资交易管理风险',
  '投资交易合规监测',
  jsonb_build_array(
    jsonb_build_object('label', '投资项目数', 'value', 12, 'unit', '个'),
    jsonb_build_object('label', '穿透核查异常', 'value', 2, 'unit', '个'),
    jsonb_build_object('label', '重点跟踪项目', 'value', 3, 'unit', '个')
  ),
  '海发资本相关投资链条整体可控，但个别项目的尽调与出资后资料回传不完整，建议补齐穿透资料。',
  'medium',
  FALSE,
  NULL,
  DATE '2026-03-31',
  2,
  TIMESTAMP '2026-03-31 09:00:00',
  TIMESTAMP '2026-03-31 09:00:00'
),
(
  uuid_generate_v5(uuid_ns_url(), 'fs-summary-bank-deposit-risk'),
  'fund_safety_bank_deposit_risk',
  '资金安全',
  '资金存放安全风险',
  '账户与资金存放监测',
  jsonb_build_array(
    jsonb_build_object('label', '监管账户数', 'value', 18, 'unit', '个'),
    jsonb_build_object('label', '超合作范围开户', 'value', 1, 'unit', '个'),
    jsonb_build_object('label', '资金归集异常', 'value', 0, 'unit', '个')
  ),
  '资金归集总体稳定，但仍存在1个示例账户落在合作银行范围边界，适合在领导汇报中强调可视、可查、可纠偏。',
  'medium',
  FALSE,
  NULL,
  DATE '2026-03-31',
  3,
  TIMESTAMP '2026-03-31 09:00:00',
  TIMESTAMP '2026-03-31 09:00:00'
),
(
  uuid_generate_v5(uuid_ns_url(), 'fs-summary-ar-growth-risk'),
  'fund_safety_ar_growth_risk',
  '资金安全',
  '两金压降风险-应收账款增幅',
  '应收账款压降监测',
  jsonb_build_array(
    jsonb_build_object('label', '应收账款余额', 'value', 3280, 'unit', '万元'),
    jsonb_build_object('label', '同比增幅', 'value', 1.8, 'unit', '%'),
    jsonb_build_object('label', '重点项目', 'value', 2, 'unit', '个')
  ),
  '园区开发和工程配套相关项目的回款节奏较稳，增幅未明显偏离收入增幅，但存在局部项目回款延后。',
  'low',
  FALSE,
  NULL,
  DATE '2026-03-31',
  4,
  TIMESTAMP '2026-03-31 09:00:00',
  TIMESTAMP '2026-03-31 09:00:00'
),
(
  uuid_generate_v5(uuid_ns_url(), 'fs-summary-cross-client-risk'),
  'fund_safety_cross_client_transfer_risk',
  '资金安全',
  '集团客户账户间划拨风险-政企客户转账资金跨客户使用',
  '跨客户资金认领监测',
  jsonb_build_array(
    jsonb_build_object('label', '跨客户样例', 'value', 6, 'unit', '起'),
    jsonb_build_object('label', '异常认领', 'value', 1, 'unit', '起'),
    jsonb_build_object('label', '人工复核', 'value', 4, 'unit', '起')
  ),
  '政企资金跨客户认领在样例数据中出现1起异常，适合用来说明系统能够识别并留痕复杂资金流转。',
  'medium',
  FALSE,
  NULL,
  DATE '2026-03-31',
  5,
  TIMESTAMP '2026-03-31 09:00:00',
  TIMESTAMP '2026-03-31 09:00:00'
)
ON CONFLICT (id) DO NOTHING;

INSERT INTO terror_blacklist (
  id,
  blacklist_code,
  blacklist_name,
  subject_name,
  subject_type,
  match_keywords,
  risk_level,
  status,
  source_system,
  effective_from,
  effective_to,
  notes,
  created_by,
  updated_by,
  created_at,
  updated_at
) VALUES
(
  uuid_generate_v5(uuid_ns_url(), 'terror-blacklist-1'),
  'BL-001',
  '青岛西海岸某工程建设有限公司',
  '青岛西海岸某工程建设有限公司',
  'organization',
  ARRAY['青岛西海岸某工程建设有限公司', '工程建设有限公司结算户'],
  'high',
  'enabled',
  '示例涉恐/合规黑名单',
  DATE '2025-01-01',
  NULL,
  '与海发园区工程配套类支付链路同名命中示例。',
  'demo',
  'demo',
  TIMESTAMP '2026-03-31 09:00:00',
  TIMESTAMP '2026-03-31 09:00:00'
),
(
  uuid_generate_v5(uuid_ns_url(), 'terror-blacklist-2'),
  'BL-002',
  '青岛某园区配套服务有限公司',
  '青岛某园区配套服务有限公司',
  'organization',
  ARRAY['青岛某园区配套服务有限公司', '园区配套服务有限公司'],
  'high',
  'enabled',
  '示例涉恐/合规黑名单',
  DATE '2025-01-01',
  NULL,
  '用于演示高频支付链路中的黑名单命中。',
  'demo',
  'demo',
  TIMESTAMP '2026-03-31 09:00:00',
  TIMESTAMP '2026-03-31 09:00:00'
),
(
  uuid_generate_v5(uuid_ns_url(), 'terror-blacklist-3'),
  'BL-003',
  '青岛某影视文化配套服务有限公司',
  '青岛某影视文化配套服务有限公司',
  'organization',
  ARRAY['青岛某影视文化配套服务有限公司', '影视文化配套服务有限公司'],
  'medium',
  'enabled',
  '示例涉恐/合规黑名单',
  DATE '2025-01-01',
  NULL,
  '用于演示园区文化配套类交易命中。',
  'demo',
  'demo',
  TIMESTAMP '2026-03-31 09:00:00',
  TIMESTAMP '2026-03-31 09:00:00'
),
(
  uuid_generate_v5(uuid_ns_url(), 'terror-blacklist-4'),
  'BL-004',
  '青岛某供应链结算服务有限公司',
  '青岛某供应链结算服务有限公司',
  'organization',
  ARRAY['青岛某供应链结算服务有限公司', '供应链结算服务有限公司'],
  'medium',
  'enabled',
  '示例涉恐/合规黑名单',
  DATE '2025-01-01',
  NULL,
  '用于演示资本管理与供应链支付链路命中。',
  'demo',
  'demo',
  TIMESTAMP '2026-03-31 09:00:00',
  TIMESTAMP '2026-03-31 09:00:00'
),
(
  uuid_generate_v5(uuid_ns_url(), 'terror-blacklist-5'),
  'BL-005',
  '青岛某基金服务有限公司',
  '青岛某基金服务有限公司',
  'organization',
  ARRAY['青岛某基金服务有限公司', '基金服务有限公司'],
  'medium',
  'enabled',
  '示例涉恐/合规黑名单',
  DATE '2025-01-01',
  NULL,
  '用于演示资本运作场景中的名单匹配。',
  'demo',
  'demo',
  TIMESTAMP '2026-03-31 09:00:00',
  TIMESTAMP '2026-03-31 09:00:00'
)
ON CONFLICT (id) DO NOTHING;

INSERT INTO terror_rules (
  id,
  rule_code,
  rule_name,
  rule_category,
  rule_description,
  risk_level,
  enabled,
  sort_order,
  created_by,
  updated_by,
  created_at,
  updated_at
) VALUES
(
  uuid_generate_v5(uuid_ns_url(), 'terror-rule-blacklist'),
  'blacklist_hit',
  '黑名单命中规则',
  'terror_risk',
  '任意一方账户名称存在于黑名单中则命中。',
  'high',
  TRUE,
  1,
  'demo',
  'demo',
  TIMESTAMP '2026-03-31 09:00:00',
  TIMESTAMP '2026-03-31 09:00:00'
),
(
  uuid_generate_v5(uuid_ns_url(), 'terror-rule-frequency'),
  'high_frequency_high_amount',
  '高频大额交易规则',
  'terror_risk',
  '连续10日内同一收款人单日交易次数超过阈值且金额超过阈值则命中。',
  'high',
  TRUE,
  2,
  'demo',
  'demo',
  TIMESTAMP '2026-03-31 09:00:00',
  TIMESTAMP '2026-03-31 09:00:00'
),
(
  uuid_generate_v5(uuid_ns_url(), 'terror-rule-dormant'),
  'dormant_account_abnormal_payment',
  '长期闲置账户异常交易规则',
  'terror_risk',
  '超过1年未交易账户在连续10日内对同一收款人发生异常支付且金额超过阈值则命中。',
  'high',
  TRUE,
  3,
  'demo',
  'demo',
  TIMESTAMP '2026-03-31 09:00:00',
  TIMESTAMP '2026-03-31 09:00:00'
)
ON CONFLICT (id) DO NOTHING;

INSERT INTO terror_rule_params (
  id,
  rule_id,
  param_key,
  param_label,
  param_value,
  value_type,
  unit,
  editable,
  sort_order,
  created_at,
  updated_at
) VALUES
(
  uuid_generate_v5(uuid_ns_url(), 'terror-param-blacklist-enabled'),
  uuid_generate_v5(uuid_ns_url(), 'terror-rule-blacklist'),
  'enabled',
  '规则启用',
  'true',
  'boolean',
  NULL,
  TRUE,
  1,
  TIMESTAMP '2026-03-31 09:00:00',
  TIMESTAMP '2026-03-31 09:00:00'
),
(
  uuid_generate_v5(uuid_ns_url(), 'terror-param-frequency-window'),
  uuid_generate_v5(uuid_ns_url(), 'terror-rule-frequency'),
  'window_days',
  '连续天数窗口',
  '10',
  'number',
  '天',
  TRUE,
  1,
  TIMESTAMP '2026-03-31 09:00:00',
  TIMESTAMP '2026-03-31 09:00:00'
),
(
  uuid_generate_v5(uuid_ns_url(), 'terror-param-frequency-count'),
  uuid_generate_v5(uuid_ns_url(), 'terror-rule-frequency'),
  'min_daily_count',
  '单日交易次数阈值',
  '50',
  'number',
  '次',
  TRUE,
  2,
  TIMESTAMP '2026-03-31 09:00:00',
  TIMESTAMP '2026-03-31 09:00:00'
),
(
  uuid_generate_v5(uuid_ns_url(), 'terror-param-frequency-corp-amount'),
  uuid_generate_v5(uuid_ns_url(), 'terror-rule-frequency'),
  'corp_amount_threshold',
  '对公金额阈值',
  '2000000',
  'number',
  '元',
  TRUE,
  3,
  TIMESTAMP '2026-03-31 09:00:00',
  TIMESTAMP '2026-03-31 09:00:00'
),
(
  uuid_generate_v5(uuid_ns_url(), 'terror-param-frequency-personal-amount'),
  uuid_generate_v5(uuid_ns_url(), 'terror-rule-frequency'),
  'personal_amount_threshold',
  '对私金额阈值',
  '500000',
  'number',
  '元',
  TRUE,
  4,
  TIMESTAMP '2026-03-31 09:00:00',
  TIMESTAMP '2026-03-31 09:00:00'
),
(
  uuid_generate_v5(uuid_ns_url(), 'terror-param-dormant-days'),
  uuid_generate_v5(uuid_ns_url(), 'terror-rule-dormant'),
  'dormant_days',
  '长期闲置账户判定天数',
  '365',
  'number',
  '天',
  TRUE,
  1,
  TIMESTAMP '2026-03-31 09:00:00',
  TIMESTAMP '2026-03-31 09:00:00'
),
(
  uuid_generate_v5(uuid_ns_url(), 'terror-param-dormant-window'),
  uuid_generate_v5(uuid_ns_url(), 'terror-rule-dormant'),
  'window_days',
  '连续天数窗口',
  '10',
  'number',
  '天',
  TRUE,
  2,
  TIMESTAMP '2026-03-31 09:00:00',
  TIMESTAMP '2026-03-31 09:00:00'
),
(
  uuid_generate_v5(uuid_ns_url(), 'terror-param-dormant-corp-amount'),
  uuid_generate_v5(uuid_ns_url(), 'terror-rule-dormant'),
  'corp_amount_threshold',
  '对公金额阈值',
  '2000000',
  'number',
  '元',
  TRUE,
  3,
  TIMESTAMP '2026-03-31 09:00:00',
  TIMESTAMP '2026-03-31 09:00:00'
),
(
  uuid_generate_v5(uuid_ns_url(), 'terror-param-dormant-personal-amount'),
  uuid_generate_v5(uuid_ns_url(), 'terror-rule-dormant'),
  'personal_amount_threshold',
  '对私金额阈值',
  '500000',
  'number',
  '元',
  TRUE,
  4,
  TIMESTAMP '2026-03-31 09:00:00',
  TIMESTAMP '2026-03-31 09:00:00'
)
ON CONFLICT (rule_id, param_key) DO UPDATE SET
  param_label = EXCLUDED.param_label,
  param_value = EXCLUDED.param_value,
  value_type = EXCLUDED.value_type,
  unit = EXCLUDED.unit,
  editable = EXCLUDED.editable,
  sort_order = EXCLUDED.sort_order,
  updated_at = EXCLUDED.updated_at;

INSERT INTO payment_transactions (
  id,
  transaction_no,
  transaction_date,
  batch_no,
  member_unit_code,
  member_unit_name,
  payer_name,
  payer_account,
  payee_name,
  payee_account,
  amount,
  currency,
  payee_type,
  business_scenario,
  transaction_count,
  account_last_active_date,
  is_dormant_account,
  source_file_name,
  source_row_no,
  extra_payload,
  created_at,
  updated_at
) VALUES
(
  uuid_generate_v5(uuid_ns_url(), 'tx-benign-1'),
  'TX-20260328-001',
  DATE '2026-03-28',
  'FS-2026-03-31',
  'HF-CITY-001',
  '青岛海发城市更新有限公司',
  '青岛海发城市更新有限公司',
  '622202600001',
  '青岛某项目管理咨询有限公司',
  '942700000101',
  380000,
  'CNY',
  'organization',
  '财务公司网银支付',
  1,
  DATE '2026-03-20',
  FALSE,
  'fund_safety_demo_batch_20260331.xlsx',
  1,
  jsonb_build_object(
    'payer_account_name', '海发城市更新有限公司资金结算户',
    'account_status', '正常',
    'remarks', '正常项目咨询付款样例。'
  ),
  TIMESTAMP '2026-03-31 09:00:00',
  TIMESTAMP '2026-03-31 09:00:00'
),
(
  uuid_generate_v5(uuid_ns_url(), 'tx-benign-2'),
  'TX-20260329-001',
  DATE '2026-03-29',
  'FS-2026-03-31',
  'HF-CAP-001',
  '青岛海发资本管理有限公司',
  '青岛海发资本管理有限公司',
  '622202600002',
  '山东某高端装备供应链有限公司',
  '942700000102',
  760000,
  'CNY',
  'organization',
  '财务公司网银支付',
  1,
  DATE '2026-03-18',
  FALSE,
  'fund_safety_demo_batch_20260331.xlsx',
  2,
  jsonb_build_object(
    'payer_account_name', '海发资本管理有限公司资金结算户',
    'account_status', '正常',
    'remarks', '正常设备采购样例。'
  ),
  TIMESTAMP '2026-03-31 09:00:00',
  TIMESTAMP '2026-03-31 09:00:00'
),
(
  uuid_generate_v5(uuid_ns_url(), 'tx-benign-3'),
  'TX-20260330-001',
  DATE '2026-03-30',
  'FS-2026-03-31',
  'HF-SVC-001',
  '青岛海发产业服务有限公司',
  '青岛海发产业服务有限公司',
  '622202600003',
  '青岛某数据服务有限公司',
  '942700000103',
  120000,
  'CNY',
  'organization',
  '财务公司网银支付',
  1,
  DATE '2026-03-25',
  FALSE,
  'fund_safety_demo_batch_20260331.xlsx',
  3,
  jsonb_build_object(
    'payer_account_name', '海发产业服务有限公司资金结算户',
    'account_status', '正常',
    'remarks', '正常产业服务支出样例。'
  ),
  TIMESTAMP '2026-03-31 09:00:00',
  TIMESTAMP '2026-03-31 09:00:00'
),
(
  uuid_generate_v5(uuid_ns_url(), 'tx-blacklist-1'),
  'TX-20260304-001',
  DATE '2026-03-04',
  'FS-2026-03-31',
  'HF-PARK-001',
  '青岛海发园区运营有限公司',
  '青岛海发园区运营有限公司',
  '622202600010',
  '青岛西海岸某工程建设有限公司',
  '942700000201',
  860000,
  'CNY',
  'organization',
  '财务公司网银支付',
  1,
  DATE '2026-03-02',
  FALSE,
  'fund_safety_demo_batch_20260331.xlsx',
  4,
  jsonb_build_object(
    'payer_account_name', '海发园区运营有限公司资金结算户',
    'account_status', '正常',
    'remarks', '黑名单命中样例，匹配园区工程类对手方。'
  ),
  TIMESTAMP '2026-03-31 09:00:00',
  TIMESTAMP '2026-03-31 09:00:00'
),
(
  uuid_generate_v5(uuid_ns_url(), 'tx-blacklist-2'),
  'TX-20260312-001',
  DATE '2026-03-12',
  'FS-2026-03-31',
  'HF-CAP-002',
  '青岛海发资本管理有限公司',
  '青岛海发资本管理有限公司',
  '622202600011',
  '青岛某基金服务有限公司',
  '942700000202',
  1240000,
  'CNY',
  'organization',
  '财务公司网银支付',
  1,
  DATE '2026-03-10',
  FALSE,
  'fund_safety_demo_batch_20260331.xlsx',
  5,
  jsonb_build_object(
    'payer_account_name', '海发资本管理有限公司资金结算户',
    'account_status', '正常',
    'remarks', '黑名单命中样例，匹配资本运作服务对手方。'
  ),
  TIMESTAMP '2026-03-31 09:00:00',
  TIMESTAMP '2026-03-31 09:00:00'
),
(
  uuid_generate_v5(uuid_ns_url(), 'tx-blacklist-3'),
  'TX-20260318-001',
  DATE '2026-03-18',
  'FS-2026-03-31',
  'HF-SVC-002',
  '青岛海发产业服务有限公司',
  '青岛海发产业服务有限公司',
  '622202600012',
  '青岛某供应链结算服务有限公司',
  '942700000203',
  730000,
  'CNY',
  'organization',
  '财务公司网银支付',
  1,
  DATE '2026-03-16',
  FALSE,
  'fund_safety_demo_batch_20260331.xlsx',
  6,
  jsonb_build_object(
    'payer_account_name', '海发产业服务有限公司资金结算户',
    'account_status', '正常',
    'remarks', '黑名单命中样例，匹配供应链结算服务对手方。'
  ),
  TIMESTAMP '2026-03-31 09:00:00',
  TIMESTAMP '2026-03-31 09:00:00'
),
(
  uuid_generate_v5(uuid_ns_url(), 'tx-blacklist-4'),
  'TX-20260325-001',
  DATE '2026-03-25',
  'FS-2026-03-31',
  'HF-CTI-001',
  '青岛海发产城投资有限公司',
  '青岛海发产城投资有限公司',
  '622202600013',
  '青岛某影视文化配套服务有限公司',
  '942700000204',
  540000,
  'CNY',
  'organization',
  '财务公司网银支付',
  1,
  DATE '2026-03-21',
  FALSE,
  'fund_safety_demo_batch_20260331.xlsx',
  7,
  jsonb_build_object(
    'payer_account_name', '海发产城投资有限公司资金结算户',
    'account_status', '正常',
    'remarks', '黑名单命中样例，匹配影视文化配套类对手方。'
  ),
  TIMESTAMP '2026-03-31 09:00:00',
  TIMESTAMP '2026-03-31 09:00:00'
)
ON CONFLICT (id) DO NOTHING;

INSERT INTO payment_transactions (
  id,
  transaction_no,
  transaction_date,
  batch_no,
  member_unit_code,
  member_unit_name,
  payer_name,
  payer_account,
  payee_name,
  payee_account,
  amount,
  currency,
  payee_type,
  business_scenario,
  transaction_count,
  account_last_active_date,
  is_dormant_account,
  source_file_name,
  source_row_no,
  extra_payload,
  created_at,
  updated_at
)
SELECT
  uuid_generate_v5(
    uuid_ns_url(),
    format('hf-frequency-%s-%s', to_char(day_dt, 'YYYYMMDD'), lpad(seq_no::text, 2, '0'))
  ),
  format('HF-%s-%s', to_char(day_dt, 'YYYYMMDD'), lpad(seq_no::text, 2, '0')),
  day_dt,
  'FS-2026-03-31',
  'HF-CTI-002',
  '青岛海发产城投资有限公司',
  '青岛海发产城投资有限公司',
  '622202600020',
  '青岛某园区配套服务有限公司',
  '942700000301',
  50000,
  'CNY',
  'organization',
  '财务公司网银支付',
  1,
  DATE '2026-02-20',
  FALSE,
  'fund_safety_demo_batch_20260331.xlsx',
  1000 + ((extract(day from day_dt)::int - 1) * 100) + seq_no,
  jsonb_build_object(
    'payer_account_name', '海发产城投资有限公司资金结算户',
    'account_status', '正常',
    'remarks', '连续10日同一收款人高频高额支付样例。'
  ),
  TIMESTAMP '2026-03-31 09:00:00',
  TIMESTAMP '2026-03-31 09:00:00'
FROM generate_series(DATE '2026-03-01', DATE '2026-03-10', INTERVAL '1 day') AS g(day_dt)
CROSS JOIN generate_series(1, 51) AS s(seq_no)
ON CONFLICT (id) DO NOTHING;

INSERT INTO payment_transactions (
  id,
  transaction_no,
  transaction_date,
  batch_no,
  member_unit_code,
  member_unit_name,
  payer_name,
  payer_account,
  payee_name,
  payee_account,
  amount,
  currency,
  payee_type,
  business_scenario,
  transaction_count,
  account_last_active_date,
  is_dormant_account,
  source_file_name,
  source_row_no,
  extra_payload,
  created_at,
  updated_at
)
SELECT
  uuid_generate_v5(
    uuid_ns_url(),
    format('hf-dormant-%s-%s', to_char(day_dt, 'YYYYMMDD'), lpad(seq_no::text, 2, '0'))
  ),
  format('DA-%s-%s', to_char(day_dt, 'YYYYMMDD'), lpad(seq_no::text, 2, '0')),
  day_dt,
  'FS-2026-03-31',
  'HF-PARK-002',
  '青岛海发园区运营有限公司',
  '青岛海发园区运营有限公司',
  '622202600030',
  '青岛某影视文化配套服务有限公司',
  '942700000401',
  120000,
  'CNY',
  'organization',
  '财务公司网银支付',
  1,
  DATE '2024-02-20',
  TRUE,
  'fund_safety_demo_batch_20260331.xlsx',
  3000 + ((extract(day from day_dt)::int - 1) * 10) + seq_no,
  jsonb_build_object(
    'payer_account_name', '海发园区运营有限公司沉睡账户',
    'account_status', '闲置账户',
    'remarks', '长期闲置账户异常支付样例。'
  ),
  TIMESTAMP '2026-03-31 09:00:00',
  TIMESTAMP '2026-03-31 09:00:00'
FROM generate_series(DATE '2026-03-01', DATE '2026-03-10', INTERVAL '1 day') AS g(day_dt)
CROSS JOIN generate_series(1, 2) AS s(seq_no)
ON CONFLICT (id) DO NOTHING;

INSERT INTO terror_detection_jobs (
  id,
  job_no,
  job_status,
  triggered_by,
  started_at,
  finished_at,
  input_snapshot_at,
  transaction_count,
  matched_count,
  high_risk_count,
  warning_count,
  summary,
  error_message,
  created_at,
  updated_at
) VALUES
(
  uuid_generate_v5(uuid_ns_url(), 'terror-ticket-job-seed-20260403'),
  'JT-20260403-001',
  'succeeded',
  'seed',
  TIMESTAMP '2026-04-03 09:00:00',
  TIMESTAMP '2026-04-03 09:15:00',
  TIMESTAMP '2026-03-31 23:59:59',
  3,
  3,
  1,
  2,
  jsonb_build_object(
    'note', 'Seed snapshot for the three risk ticket types',
    'ticket_type_count', 3,
    'manual_ticket_count', 1
  ),
  NULL,
  TIMESTAMP '2026-04-03 09:15:00',
  TIMESTAMP '2026-04-03 09:15:00'
)
ON CONFLICT (id) DO NOTHING;

INSERT INTO terror_alerts (
  id,
  alert_no,
  job_id,
  rule_id,
  rule_code,
  rule_name,
  risk_level,
  alert_status,
  review_status,
  ticket_type,
  trigger_source,
  dispatch_status,
  feedback_status,
  recheck_status,
  ack_status,
  ticket_title,
  ticket_reason,
  ticket_content,
  source_ref_type,
  source_ref_id,
  leader_instruction_flag,
  continuous_warning_count,
  deadline_at,
  completed_at,
  is_overdue,
  member_unit_code,
  member_unit_name,
  payer_name,
  payer_account,
  payee_name,
  payee_account,
  transaction_date,
  matched_amount,
  matched_count,
  evidence_count,
  latest_evidence_summary,
  alert_summary,
  extra_payload,
  created_at,
  updated_at
) VALUES
(
  uuid_generate_v5(uuid_ns_url(), 'risk-ticket-warning-notice-1'),
  'RT-20260403-001',
  uuid_generate_v5(uuid_ns_url(), 'terror-ticket-job-seed-20260403'),
  uuid_generate_v5(uuid_ns_url(), 'terror-rule-blacklist'),
  'blacklist_hit',
  '黑名单命中规则',
  'high',
  'closed',
  'approved',
  'warning_notice',
  'model_threshold',
  'dispatched',
  'completed',
  'passed',
  'pending',
  '模型阈值异常预警单',
  '风险监控指标超过正常阈值并命中黑名单，需同步提醒相关部门核查。',
  '请财务管理部、业务部门和风控条线核实工程款支付合理性，并将整改反馈纳入闭环。',
  'monitoring_model',
  'MODEL-WARN-001',
  FALSE,
  1,
  TIMESTAMP '2026-04-05 18:00:00',
  TIMESTAMP '2026-04-03 15:30:00',
  FALSE,
  'HF-PARK-001',
  '青岛海发园区运营有限公司',
  '青岛海发园区运营有限公司',
  '622202600010',
  '青岛西海岸某工程建设有限公司',
  '942700000201',
  DATE '2026-03-28',
  860000,
  1,
  2,
  '连续高阈值支付并命中黑名单，建议纳入预警单闭环。',
  '建议对工程款支付路径开展核查，并同步形成预警反馈与复核记录。',
  jsonb_build_object(
    'related_transactions',
    jsonb_build_array(
      jsonb_build_object(
        'transaction_no', 'TX-20260304-001',
        'transaction_date', '2026-03-04',
        'amount', '860000',
        'payer_name', '青岛海发园区运营有限公司',
        'payee_name', '青岛西海岸某工程建设有限公司',
        'business_scenario', '财务公司网银支付'
      )
    )
  ),
  TIMESTAMP '2026-04-03 15:30:00',
  TIMESTAMP '2026-04-03 15:30:00'
),
(
  uuid_generate_v5(uuid_ns_url(), 'risk-ticket-tip-1'),
  'RT-20260403-002',
  uuid_generate_v5(uuid_ns_url(), 'terror-ticket-job-seed-20260403'),
  uuid_generate_v5(uuid_ns_url(), 'terror-rule-frequency'),
  'trend_change_notice',
  '风险提示规则',
  'low',
  'open',
  'pending',
  'risk_tip',
  'trend_change',
  'dispatched',
  'pending',
  'pending',
  'read',
  '二道防线风险提示单',
  '用于对个别单位典型风险事件开展普遍提醒，并提示最新监管与趋势变化。',
  '请各成员单位阅知最新风险管理要求，重点关注外部风险趋势变化和典型事件复盘。',
  'trend_notice',
  'TREND-20260403-001',
  FALSE,
  0,
  NULL,
  NULL,
  FALSE,
  NULL,
  '集团本部',
  NULL,
  NULL,
  NULL,
  NULL,
  NULL,
  0,
  0,
  1,
  '二道防线最新提示事项，主要用于阅知。',
  '风险提示单无需反馈闭环，重点在普遍提醒与阅知确认。',
  jsonb_build_object(
    'target_units',
    jsonb_build_array('青岛海发资本管理有限公司', '青岛海发园区运营有限公司')
  ),
  TIMESTAMP '2026-04-03 10:00:00',
  TIMESTAMP '2026-04-03 10:00:00'
),
(
  uuid_generate_v5(uuid_ns_url(), 'risk-ticket-supervision-1'),
  'RT-20260403-003',
  uuid_generate_v5(uuid_ns_url(), 'terror-ticket-job-seed-20260403'),
  uuid_generate_v5(uuid_ns_url(), 'terror-rule-dormant'),
  'three_consecutive_warnings',
  '连续高风险预警规则',
  'high',
  'open',
  'pending',
  'supervision',
  'three_consecutive_warnings',
  'dispatched',
  'pending',
  'pending',
  'pending',
  '连续三次预警督办单',
  '特定风控监控模型连续三次预警，需升级为督办并跟踪整改。',
  '请责任单位限期反馈整改进展，风控条线按督办要求复核落实情况并记录逾期状态。',
  'monitoring_model',
  'MODEL-SUP-001',
  TRUE,
  3,
  TIMESTAMP '2026-04-02 18:00:00',
  NULL,
  TRUE,
  'HF-CTI-001',
  '青岛海发产城投资有限公司',
  '青岛海发产城投资有限公司',
  '622202600013',
  '青岛某供应链结算服务有限公司',
  '942700000203',
  DATE '2026-03-25',
  1240000,
  3,
  2,
  '连续三次预警已经触发督办升级，需督促整改落实。',
  '督办单已生成，当前处于待反馈状态。',
  jsonb_build_object(
    'overdue_reason',
    '超过截止时间尚未完成整改反馈'
  ),
  TIMESTAMP '2026-04-03 08:30:00',
  TIMESTAMP '2026-04-03 08:30:00'
)
ON CONFLICT (id) DO NOTHING;

INSERT INTO terror_alert_evidences (
  id,
  alert_id,
  evidence_type,
  evidence_title,
  evidence_detail,
  evidence_payload,
  evidence_order,
  created_at,
  updated_at
) VALUES
(
  uuid_generate_v5(uuid_ns_url(), 'risk-ticket-warning-evidence-1'),
  uuid_generate_v5(uuid_ns_url(), 'risk-ticket-warning-notice-1'),
  'threshold',
  '阈值异常与黑名单命中',
  '单笔交易金额与连续支付频次均超过正常阈值，同时命中黑名单对手方。',
  jsonb_build_object('threshold', 'warning', 'risk_level', 'high'),
  1,
  TIMESTAMP '2026-04-03 15:30:00',
  TIMESTAMP '2026-04-03 15:30:00'
),
(
  uuid_generate_v5(uuid_ns_url(), 'risk-ticket-tip-evidence-1'),
  uuid_generate_v5(uuid_ns_url(), 'risk-ticket-tip-1'),
  'trend_notice',
  '二道防线趋势提示',
  '近期监管要求强调对典型风险事件的普遍提醒和阅知留痕。',
  jsonb_build_object('audience', 'all_units', 'note', 'read_and_acknowledge'),
  1,
  TIMESTAMP '2026-04-03 10:00:00',
  TIMESTAMP '2026-04-03 10:00:00'
),
(
  uuid_generate_v5(uuid_ns_url(), 'risk-ticket-supervision-evidence-1'),
  uuid_generate_v5(uuid_ns_url(), 'risk-ticket-supervision-1'),
  'escalation',
  '连续三次预警升级督办',
  '同一监控对象在连续三个周期内重复触发预警，满足督办升级条件。',
  jsonb_build_object('consecutive_warnings', 3, 'overdue', true),
  1,
  TIMESTAMP '2026-04-03 08:30:00',
  TIMESTAMP '2026-04-03 08:30:00'
)
ON CONFLICT (id) DO NOTHING;

INSERT INTO terror_alert_reviews (
  id,
  alert_id,
  review_status,
  reviewer_name,
  review_result,
  review_comment,
  reviewed_at,
  assignment_status,
  assigned_reviewer_name,
  assigned_at,
  created_by,
  updated_by,
  created_at,
  updated_at
) VALUES
(
  uuid_generate_v5(uuid_ns_url(), 'risk-ticket-warning-review-1'),
  uuid_generate_v5(uuid_ns_url(), 'risk-ticket-warning-notice-1'),
  'approved',
  '海发集团风控专员A',
  '已核实异常支付并确认需要预警闭环。',
  '建议继续跟踪整改反馈和复核结果。',
  TIMESTAMP '2026-04-03 16:00:00',
  'assigned',
  '海发集团风控专员A',
  TIMESTAMP '2026-04-03 09:20:00',
  'demo',
  'demo',
  TIMESTAMP '2026-04-03 16:00:00',
  TIMESTAMP '2026-04-03 16:00:00'
),
(
  uuid_generate_v5(uuid_ns_url(), 'risk-ticket-tip-review-1'),
  uuid_generate_v5(uuid_ns_url(), 'risk-ticket-tip-1'),
  'pending',
  NULL,
  NULL,
  NULL,
  NULL,
  'unassigned',
  NULL,
  NULL,
  'demo',
  'demo',
  TIMESTAMP '2026-04-03 10:00:00',
  TIMESTAMP '2026-04-03 10:00:00'
),
(
  uuid_generate_v5(uuid_ns_url(), 'risk-ticket-supervision-review-1'),
  uuid_generate_v5(uuid_ns_url(), 'risk-ticket-supervision-1'),
  'pending',
  NULL,
  NULL,
  NULL,
  NULL,
  'assigned',
  '海发集团风控专员B',
  TIMESTAMP '2026-04-03 08:45:00',
  'demo',
  'demo',
  TIMESTAMP '2026-04-03 08:45:00',
  TIMESTAMP '2026-04-03 08:45:00'
)
ON CONFLICT (id) DO NOTHING;

INSERT INTO terror_ticket_flow_logs (
  id,
  alert_id,
  action_type,
  action_result,
  action_comment,
  operator_name,
  operator_role,
  attachments,
  extra_payload,
  created_at,
  updated_at
) VALUES
(
  uuid_generate_v5(uuid_ns_url(), 'risk-ticket-warning-flow-dispatch'),
  uuid_generate_v5(uuid_ns_url(), 'risk-ticket-warning-notice-1'),
  'dispatch',
  'completed',
  '已派发至财务管理部和业务部门。',
  '系统',
  'system',
  '[]'::jsonb,
  jsonb_build_object('ticket_type', 'warning_notice'),
  TIMESTAMP '2026-04-03 09:10:00',
  TIMESTAMP '2026-04-03 09:10:00'
),
(
  uuid_generate_v5(uuid_ns_url(), 'risk-ticket-warning-flow-feedback'),
  uuid_generate_v5(uuid_ns_url(), 'risk-ticket-warning-notice-1'),
  'feedback',
  'submitted',
  '已反馈整改计划并附回传说明。',
  '海发集团风控专员A',
  'reviewer',
  '[]'::jsonb,
  jsonb_build_object('ticket_type', 'warning_notice'),
  TIMESTAMP '2026-04-03 15:00:00',
  TIMESTAMP '2026-04-03 15:00:00'
),
(
  uuid_generate_v5(uuid_ns_url(), 'risk-ticket-warning-flow-review'),
  uuid_generate_v5(uuid_ns_url(), 'risk-ticket-warning-notice-1'),
  'review',
  'approved',
  '审核通过，建议复核关闭。',
  '海发集团风控专员A',
  'reviewer',
  '[]'::jsonb,
  jsonb_build_object('ticket_type', 'warning_notice'),
  TIMESTAMP '2026-04-03 16:00:00',
  TIMESTAMP '2026-04-03 16:00:00'
),
(
  uuid_generate_v5(uuid_ns_url(), 'risk-ticket-warning-flow-recheck'),
  uuid_generate_v5(uuid_ns_url(), 'risk-ticket-warning-notice-1'),
  'recheck',
  'passed',
  '复核通过，闭环完成。',
  '海发集团风控复核人',
  'rechecker',
  '[]'::jsonb,
  jsonb_build_object('ticket_type', 'warning_notice'),
  TIMESTAMP '2026-04-03 16:30:00',
  TIMESTAMP '2026-04-03 16:30:00'
),
(
  uuid_generate_v5(uuid_ns_url(), 'risk-ticket-tip-flow-dispatch'),
  uuid_generate_v5(uuid_ns_url(), 'risk-ticket-tip-1'),
  'dispatch',
  'completed',
  '风险提示单已发往成员单位阅知。',
  '系统',
  'system',
  '[]'::jsonb,
  jsonb_build_object('ticket_type', 'risk_tip'),
  TIMESTAMP '2026-04-03 09:55:00',
  TIMESTAMP '2026-04-03 09:55:00'
),
(
  uuid_generate_v5(uuid_ns_url(), 'risk-ticket-tip-flow-ack'),
  uuid_generate_v5(uuid_ns_url(), 'risk-ticket-tip-1'),
  'ack',
  'read',
  '成员单位已阅知风险提示。',
  '集团本部',
  'reader',
  '[]'::jsonb,
  jsonb_build_object('ticket_type', 'risk_tip'),
  TIMESTAMP '2026-04-03 10:05:00',
  TIMESTAMP '2026-04-03 10:05:00'
),
(
  uuid_generate_v5(uuid_ns_url(), 'risk-ticket-supervision-flow-dispatch'),
  uuid_generate_v5(uuid_ns_url(), 'risk-ticket-supervision-1'),
  'dispatch',
  'completed',
  '督办单已下发至责任单位。',
  '系统',
  'system',
  '[]'::jsonb,
  jsonb_build_object('ticket_type', 'supervision'),
  TIMESTAMP '2026-04-03 08:40:00',
  TIMESTAMP '2026-04-03 08:40:00'
),
(
  uuid_generate_v5(uuid_ns_url(), 'risk-ticket-supervision-flow-overdue'),
  uuid_generate_v5(uuid_ns_url(), 'risk-ticket-supervision-1'),
  'overdue',
  'triggered',
  '已超过整改截止时间，系统标记为逾期。',
  '系统',
  'system',
  '[]'::jsonb,
  jsonb_build_object('ticket_type', 'supervision', 'is_overdue', true),
  TIMESTAMP '2026-04-03 18:30:00',
  TIMESTAMP '2026-04-03 18:30:00'
)
ON CONFLICT (id) DO NOTHING;

COMMIT;
